{
    "rmse": 4746.1098106565305,
    "mae": 2619.390635104653,
    "r2": 0.8507164943154174
}